Lag,Source,Target,Mean signed weight,Mean absolute weight,Edge persistence
2,LQD,VNQ,0.0032095557544380426,0.0032095557544380426,0.0713162034609334
1,QQQ,DBC,-0.0027129300870001316,0.0027129300870001316,0.05558468799160986
1,EEM,VNQ,-0.0012277088826522231,0.0012277088826522231,0.046670162558993186
2,GLD,VNQ,0.000984837650321424,0.000984837650321424,0.03880440482433141
2,LQD,HYG,0.0005448947777040303,0.0005448947777040303,0.030414263240692185
1,HYG,GLD,-0.0005484057473950088,0.0005484057473950088,0.029889879391714735
3,DBC,VNQ,0.0006248917197808623,0.0006248917197808623,0.026219192448872573
3,HYG,DBC,0.00036736170295625925,0.00036736170295625925,0.025694808599895123
1,LQD,TLT,0.0003504199848975986,0.00045979610877111554,0.025170424750917672
3,HYG,EEM,-5.4833883041283116e-05,0.0004484914243221283,0.023597273203985317
2,GLD,SPY,0.0005589451757259667,0.0005589451757259667,0.015207131620346093
1,TLT,LQD,0.0005200448795221746,0.0005200448795221746,0.015207131620346093
2,EEM,IWM,0.00017902159015648067,0.00017902159015648067,0.015207131620346093
1,LQD,GLD,0.00016510672867298126,0.00016510672867298126,0.015207131620346093
3,DBC,EEM,0.000252316560363397,0.000252316560363397,0.01415836392239119
2,EEM,SPY,0.00015105945931281894,0.00015105945931281894,0.01415836392239119
3,DBC,SPY,0.00028049052343703806,0.00028049052343703806,0.013633980073413739
1,DBC,LQD,0.000241848683799617,0.000241848683799617,0.013109596224436287
3,HYG,EFA,0.0003684791154228151,0.0003684791154228151,0.012585212375458836
1,EEM,SPY,-0.00017883947293739766,0.00017883947293739766,0.012585212375458836
3,HYG,QQQ,-0.00027713857707567513,0.00027713857707567513,0.012060828526481384
3,HYG,SPY,-0.0002549354685470462,0.0002549354685470462,0.012060828526481384
2,SPY,LQD,-0.0002467477461323142,0.00025777958217076957,0.009963293130571578
2,IEF,LQD,-0.00023752595006953925,0.00023752595006953925,0.009963293130571578
3,EFA,DBC,-8.791103755356744e-05,8.791103755356744e-05,0.0057682223387519665
1,QQQ,SPY,-6.0741589550161734e-05,6.0741589550161734e-05,0.0057682223387519665
2,VNQ,IWM,-0.0003294945927336812,0.0003294945927336812,0.004195070791819612
1,IEF,LQD,-0.0002678789314813912,0.0002678789314813912,0.004195070791819612
1,HYG,DBC,9.031669469550252e-05,9.031669469550252e-05,0.004195070791819612
2,HYG,EFA,-5.3958614444127306e-05,5.3958614444127306e-05,0.0036706869428421605
1,HYG,EFA,4.135527342441492e-05,4.135527342441492e-05,0.0036706869428421605
2,IEF,TLT,-0.00010098309576278552,0.00010098309576278552,0.003146303093864709
1,TLT,IWM,-9.29278030525893e-05,9.29278030525893e-05,0.003146303093864709
3,SPY,GLD,-5.9419500757940114e-05,5.9419500757940114e-05,0.0026219192448872575
1,EFA,DBC,-4.7248446207959205e-05,4.7248446207959205e-05,0.002097535395909806
1,SPY,GLD,-3.98871889046859e-05,3.98871889046859e-05,0.002097535395909806
1,TLT,GLD,3.5255372495157644e-05,3.5255372495157644e-05,0.002097535395909806
2,LQD,EEM,2.3958813471836038e-05,2.3958813471836038e-05,0.0015731515469323545
2,HYG,DBC,-9.179033804684877e-05,9.179033804684877e-05,0.001048767697954903
3,LQD,IEF,-2.863963345589582e-05,2.863963345589582e-05,0.001048767697954903
2,EEM,TLT,1.6035713997553103e-05,1.6035713997553103e-05,0.001048767697954903
2,LQD,SPY,1.5752868421259336e-05,1.5752868421259336e-05,0.001048767697954903
1,GLD,QQQ,1.3372371540754102e-05,1.3372371540754102e-05,0.001048767697954903
3,TLT,LQD,1.2798675015801564e-05,1.2798675015801564e-05,0.001048767697954903
1,DBC,IWM,-1.2237571354489774e-05,1.2237571354489774e-05,0.001048767697954903
1,TLT,EEM,-3.304915594526392e-07,1.1815325706265867e-05,0.001048767697954903
2,GLD,QQQ,1.012245957099367e-05,1.012245957099367e-05,0.0005243838489774515
1,GLD,SPY,9.214256351697259e-06,9.214256351697259e-06,0.0005243838489774515
3,TLT,SPY,-9.000270438264124e-06,9.000270438264124e-06,0.0005243838489774515
2,QQQ,IEF,8.708080713404343e-06,8.708080713404343e-06,0.0005243838489774515
1,GLD,VNQ,8.647445611131843e-06,8.647445611131843e-06,0.0005243838489774515
2,GLD,EFA,-8.40369648358319e-06,8.40369648358319e-06,0.0005243838489774515
1,GLD,EEM,8.374170647584833e-06,8.374170647584833e-06,0.0005243838489774515
1,SPY,IEF,8.317788342537824e-06,8.317788342537824e-06,0.0005243838489774515
3,TLT,EEM,-8.056372280407231e-06,8.056372280407231e-06,0.0005243838489774515
2,LQD,QQQ,7.4332920121378265e-06,7.4332920121378265e-06,0.0005243838489774515
3,DBC,QQQ,6.013321581122e-06,6.013321581122e-06,0.0005243838489774515
2,EEM,QQQ,5.95901155975298e-06,5.95901155975298e-06,0.0005243838489774515
2,GLD,EEM,5.757665803685086e-06,5.757665803685086e-06,0.0005243838489774515
2,EEM,EFA,5.565357241721358e-06,5.565357241721358e-06,0.0005243838489774515
1,IWM,GLD,5.555617008212721e-06,5.555617008212721e-06,0.0005243838489774515
1,IWM,SPY,0.0,0.0,0.0
1,EFA,SPY,0.0,0.0,0.0
1,IEF,SPY,0.0,0.0,0.0
1,TLT,SPY,0.0,0.0,0.0
1,LQD,SPY,0.0,0.0,0.0
1,HYG,SPY,0.0,0.0,0.0
1,DBC,SPY,0.0,0.0,0.0
1,VNQ,SPY,0.0,0.0,0.0
1,SPY,QQQ,0.0,0.0,0.0
1,IWM,QQQ,0.0,0.0,0.0
1,EFA,QQQ,0.0,0.0,0.0
1,EEM,QQQ,0.0,0.0,0.0
1,IEF,QQQ,0.0,0.0,0.0
1,TLT,QQQ,0.0,0.0,0.0
1,LQD,QQQ,0.0,0.0,0.0
1,HYG,QQQ,0.0,0.0,0.0
1,DBC,QQQ,0.0,0.0,0.0
1,VNQ,QQQ,0.0,0.0,0.0
1,SPY,IWM,0.0,0.0,0.0
1,QQQ,IWM,0.0,0.0,0.0
1,EFA,IWM,0.0,0.0,0.0
1,EEM,IWM,0.0,0.0,0.0
1,IEF,IWM,0.0,0.0,0.0
1,LQD,IWM,0.0,0.0,0.0
1,HYG,IWM,0.0,0.0,0.0
1,GLD,IWM,0.0,0.0,0.0
1,VNQ,IWM,0.0,0.0,0.0
1,SPY,EFA,0.0,0.0,0.0
1,QQQ,EFA,0.0,0.0,0.0
1,IWM,EFA,0.0,0.0,0.0
1,EEM,EFA,0.0,0.0,0.0
1,IEF,EFA,0.0,0.0,0.0
1,TLT,EFA,0.0,0.0,0.0
1,LQD,EFA,0.0,0.0,0.0
1,GLD,EFA,0.0,0.0,0.0
1,DBC,EFA,0.0,0.0,0.0
1,VNQ,EFA,0.0,0.0,0.0
1,SPY,EEM,0.0,0.0,0.0
1,QQQ,EEM,0.0,0.0,0.0
1,IWM,EEM,0.0,0.0,0.0
1,EFA,EEM,0.0,0.0,0.0
1,IEF,EEM,0.0,0.0,0.0
1,LQD,EEM,0.0,0.0,0.0
1,HYG,EEM,0.0,0.0,0.0
1,DBC,EEM,0.0,0.0,0.0
1,VNQ,EEM,0.0,0.0,0.0
1,QQQ,IEF,0.0,0.0,0.0
1,IWM,IEF,0.0,0.0,0.0
1,EFA,IEF,0.0,0.0,0.0
1,EEM,IEF,0.0,0.0,0.0
1,TLT,IEF,0.0,0.0,0.0
1,LQD,IEF,0.0,0.0,0.0
1,HYG,IEF,0.0,0.0,0.0
1,GLD,IEF,0.0,0.0,0.0
1,DBC,IEF,0.0,0.0,0.0
1,VNQ,IEF,0.0,0.0,0.0
1,SPY,TLT,0.0,0.0,0.0
1,QQQ,TLT,0.0,0.0,0.0
1,IWM,TLT,0.0,0.0,0.0
1,EFA,TLT,0.0,0.0,0.0
1,EEM,TLT,0.0,0.0,0.0
1,IEF,TLT,0.0,0.0,0.0
1,HYG,TLT,0.0,0.0,0.0
1,GLD,TLT,0.0,0.0,0.0
1,DBC,TLT,0.0,0.0,0.0
1,VNQ,TLT,0.0,0.0,0.0
1,SPY,LQD,0.0,0.0,0.0
1,QQQ,LQD,0.0,0.0,0.0
1,IWM,LQD,0.0,0.0,0.0
1,EFA,LQD,0.0,0.0,0.0
1,EEM,LQD,0.0,0.0,0.0
1,HYG,LQD,0.0,0.0,0.0
1,GLD,LQD,0.0,0.0,0.0
1,VNQ,LQD,0.0,0.0,0.0
1,SPY,HYG,0.0,0.0,0.0
1,QQQ,HYG,0.0,0.0,0.0
1,IWM,HYG,0.0,0.0,0.0
1,EFA,HYG,0.0,0.0,0.0
1,EEM,HYG,0.0,0.0,0.0
1,IEF,HYG,0.0,0.0,0.0
1,TLT,HYG,0.0,0.0,0.0
1,LQD,HYG,0.0,0.0,0.0
1,GLD,HYG,0.0,0.0,0.0
1,DBC,HYG,0.0,0.0,0.0
1,VNQ,HYG,0.0,0.0,0.0
1,QQQ,GLD,0.0,0.0,0.0
1,EFA,GLD,0.0,0.0,0.0
1,EEM,GLD,0.0,0.0,0.0
1,IEF,GLD,0.0,0.0,0.0
1,DBC,GLD,0.0,0.0,0.0
1,VNQ,GLD,0.0,0.0,0.0
1,SPY,DBC,0.0,0.0,0.0
1,IWM,DBC,0.0,0.0,0.0
1,EEM,DBC,0.0,0.0,0.0
1,IEF,DBC,0.0,0.0,0.0
1,TLT,DBC,0.0,0.0,0.0
1,LQD,DBC,0.0,0.0,0.0
1,GLD,DBC,0.0,0.0,0.0
1,VNQ,DBC,0.0,0.0,0.0
1,SPY,VNQ,0.0,0.0,0.0
1,QQQ,VNQ,0.0,0.0,0.0
1,IWM,VNQ,0.0,0.0,0.0
1,EFA,VNQ,0.0,0.0,0.0
1,IEF,VNQ,0.0,0.0,0.0
1,TLT,VNQ,0.0,0.0,0.0
1,LQD,VNQ,0.0,0.0,0.0
1,HYG,VNQ,0.0,0.0,0.0
1,DBC,VNQ,0.0,0.0,0.0
2,QQQ,SPY,0.0,0.0,0.0
2,IWM,SPY,0.0,0.0,0.0
2,EFA,SPY,0.0,0.0,0.0
2,IEF,SPY,0.0,0.0,0.0
2,TLT,SPY,0.0,0.0,0.0
2,HYG,SPY,0.0,0.0,0.0
2,DBC,SPY,0.0,0.0,0.0
2,VNQ,SPY,0.0,0.0,0.0
2,SPY,QQQ,0.0,0.0,0.0
2,IWM,QQQ,0.0,0.0,0.0
2,EFA,QQQ,0.0,0.0,0.0
2,IEF,QQQ,0.0,0.0,0.0
2,TLT,QQQ,0.0,0.0,0.0
2,HYG,QQQ,0.0,0.0,0.0
2,DBC,QQQ,0.0,0.0,0.0
2,VNQ,QQQ,0.0,0.0,0.0
2,SPY,IWM,0.0,0.0,0.0
2,QQQ,IWM,0.0,0.0,0.0
2,EFA,IWM,0.0,0.0,0.0
2,IEF,IWM,0.0,0.0,0.0
2,TLT,IWM,0.0,0.0,0.0
2,LQD,IWM,0.0,0.0,0.0
2,HYG,IWM,0.0,0.0,0.0
2,GLD,IWM,0.0,0.0,0.0
2,DBC,IWM,0.0,0.0,0.0
2,SPY,EFA,0.0,0.0,0.0
2,QQQ,EFA,0.0,0.0,0.0
2,IWM,EFA,0.0,0.0,0.0
2,IEF,EFA,0.0,0.0,0.0
2,TLT,EFA,0.0,0.0,0.0
2,LQD,EFA,0.0,0.0,0.0
2,DBC,EFA,0.0,0.0,0.0
2,VNQ,EFA,0.0,0.0,0.0
2,SPY,EEM,0.0,0.0,0.0
2,QQQ,EEM,0.0,0.0,0.0
2,IWM,EEM,0.0,0.0,0.0
2,EFA,EEM,0.0,0.0,0.0
2,IEF,EEM,0.0,0.0,0.0
2,TLT,EEM,0.0,0.0,0.0
2,HYG,EEM,0.0,0.0,0.0
2,DBC,EEM,0.0,0.0,0.0
2,VNQ,EEM,0.0,0.0,0.0
2,SPY,IEF,0.0,0.0,0.0
2,IWM,IEF,0.0,0.0,0.0
2,EFA,IEF,0.0,0.0,0.0
2,EEM,IEF,0.0,0.0,0.0
2,TLT,IEF,0.0,0.0,0.0
2,LQD,IEF,0.0,0.0,0.0
2,HYG,IEF,0.0,0.0,0.0
2,GLD,IEF,0.0,0.0,0.0
2,DBC,IEF,0.0,0.0,0.0
2,VNQ,IEF,0.0,0.0,0.0
2,SPY,TLT,0.0,0.0,0.0
2,QQQ,TLT,0.0,0.0,0.0
2,IWM,TLT,0.0,0.0,0.0
2,EFA,TLT,0.0,0.0,0.0
2,LQD,TLT,0.0,0.0,0.0
2,HYG,TLT,0.0,0.0,0.0
2,GLD,TLT,0.0,0.0,0.0
2,DBC,TLT,0.0,0.0,0.0
2,VNQ,TLT,0.0,0.0,0.0
2,QQQ,LQD,0.0,0.0,0.0
2,IWM,LQD,0.0,0.0,0.0
2,EFA,LQD,0.0,0.0,0.0
2,EEM,LQD,0.0,0.0,0.0
2,TLT,LQD,0.0,0.0,0.0
2,HYG,LQD,0.0,0.0,0.0
2,GLD,LQD,0.0,0.0,0.0
2,DBC,LQD,0.0,0.0,0.0
2,VNQ,LQD,0.0,0.0,0.0
2,SPY,HYG,0.0,0.0,0.0
2,QQQ,HYG,0.0,0.0,0.0
2,IWM,HYG,0.0,0.0,0.0
2,EFA,HYG,0.0,0.0,0.0
2,EEM,HYG,0.0,0.0,0.0
2,IEF,HYG,0.0,0.0,0.0
2,TLT,HYG,0.0,0.0,0.0
2,GLD,HYG,0.0,0.0,0.0
2,DBC,HYG,0.0,0.0,0.0
2,VNQ,HYG,0.0,0.0,0.0
2,SPY,GLD,0.0,0.0,0.0
2,QQQ,GLD,0.0,0.0,0.0
2,IWM,GLD,0.0,0.0,0.0
2,EFA,GLD,0.0,0.0,0.0
2,EEM,GLD,0.0,0.0,0.0
2,IEF,GLD,0.0,0.0,0.0
2,TLT,GLD,0.0,0.0,0.0
2,LQD,GLD,0.0,0.0,0.0
2,HYG,GLD,0.0,0.0,0.0
2,DBC,GLD,0.0,0.0,0.0
2,VNQ,GLD,0.0,0.0,0.0
2,SPY,DBC,0.0,0.0,0.0
2,QQQ,DBC,0.0,0.0,0.0
2,IWM,DBC,0.0,0.0,0.0
2,EFA,DBC,0.0,0.0,0.0
2,EEM,DBC,0.0,0.0,0.0
2,IEF,DBC,0.0,0.0,0.0
2,TLT,DBC,0.0,0.0,0.0
2,LQD,DBC,0.0,0.0,0.0
2,GLD,DBC,0.0,0.0,0.0
2,VNQ,DBC,0.0,0.0,0.0
2,SPY,VNQ,0.0,0.0,0.0
2,QQQ,VNQ,0.0,0.0,0.0
2,IWM,VNQ,0.0,0.0,0.0
2,EFA,VNQ,0.0,0.0,0.0
2,EEM,VNQ,0.0,0.0,0.0
2,IEF,VNQ,0.0,0.0,0.0
2,TLT,VNQ,0.0,0.0,0.0
2,HYG,VNQ,0.0,0.0,0.0
2,DBC,VNQ,0.0,0.0,0.0
3,QQQ,SPY,0.0,0.0,0.0
3,IWM,SPY,0.0,0.0,0.0
3,EFA,SPY,0.0,0.0,0.0
3,EEM,SPY,0.0,0.0,0.0
3,IEF,SPY,0.0,0.0,0.0
3,LQD,SPY,0.0,0.0,0.0
3,GLD,SPY,0.0,0.0,0.0
3,VNQ,SPY,0.0,0.0,0.0
3,SPY,QQQ,0.0,0.0,0.0
3,IWM,QQQ,0.0,0.0,0.0
3,EFA,QQQ,0.0,0.0,0.0
3,EEM,QQQ,0.0,0.0,0.0
3,IEF,QQQ,0.0,0.0,0.0
3,TLT,QQQ,0.0,0.0,0.0
3,LQD,QQQ,0.0,0.0,0.0
3,GLD,QQQ,0.0,0.0,0.0
3,VNQ,QQQ,0.0,0.0,0.0
3,SPY,IWM,0.0,0.0,0.0
3,QQQ,IWM,0.0,0.0,0.0
3,EFA,IWM,0.0,0.0,0.0
3,EEM,IWM,0.0,0.0,0.0
3,IEF,IWM,0.0,0.0,0.0
3,TLT,IWM,0.0,0.0,0.0
3,LQD,IWM,0.0,0.0,0.0
3,HYG,IWM,0.0,0.0,0.0
3,GLD,IWM,0.0,0.0,0.0
3,DBC,IWM,0.0,0.0,0.0
3,VNQ,IWM,0.0,0.0,0.0
3,SPY,EFA,0.0,0.0,0.0
3,QQQ,EFA,0.0,0.0,0.0
3,IWM,EFA,0.0,0.0,0.0
3,EEM,EFA,0.0,0.0,0.0
3,IEF,EFA,0.0,0.0,0.0
3,TLT,EFA,0.0,0.0,0.0
3,LQD,EFA,0.0,0.0,0.0
3,GLD,EFA,0.0,0.0,0.0
3,DBC,EFA,0.0,0.0,0.0
3,VNQ,EFA,0.0,0.0,0.0
3,SPY,EEM,0.0,0.0,0.0
3,QQQ,EEM,0.0,0.0,0.0
3,IWM,EEM,0.0,0.0,0.0
3,EFA,EEM,0.0,0.0,0.0
3,IEF,EEM,0.0,0.0,0.0
3,LQD,EEM,0.0,0.0,0.0
3,GLD,EEM,0.0,0.0,0.0
3,VNQ,EEM,0.0,0.0,0.0
3,SPY,IEF,0.0,0.0,0.0
3,QQQ,IEF,0.0,0.0,0.0
3,IWM,IEF,0.0,0.0,0.0
3,EFA,IEF,0.0,0.0,0.0
3,EEM,IEF,0.0,0.0,0.0
3,TLT,IEF,0.0,0.0,0.0
3,HYG,IEF,0.0,0.0,0.0
3,GLD,IEF,0.0,0.0,0.0
3,DBC,IEF,0.0,0.0,0.0
3,VNQ,IEF,0.0,0.0,0.0
3,SPY,TLT,0.0,0.0,0.0
3,QQQ,TLT,0.0,0.0,0.0
3,IWM,TLT,0.0,0.0,0.0
3,EFA,TLT,0.0,0.0,0.0
3,EEM,TLT,0.0,0.0,0.0
3,IEF,TLT,0.0,0.0,0.0
3,LQD,TLT,0.0,0.0,0.0
3,HYG,TLT,0.0,0.0,0.0
3,GLD,TLT,0.0,0.0,0.0
3,DBC,TLT,0.0,0.0,0.0
3,VNQ,TLT,0.0,0.0,0.0
3,SPY,LQD,0.0,0.0,0.0
3,QQQ,LQD,0.0,0.0,0.0
3,IWM,LQD,0.0,0.0,0.0
3,EFA,LQD,0.0,0.0,0.0
3,EEM,LQD,0.0,0.0,0.0
3,IEF,LQD,0.0,0.0,0.0
3,HYG,LQD,0.0,0.0,0.0
3,GLD,LQD,0.0,0.0,0.0
3,DBC,LQD,0.0,0.0,0.0
3,VNQ,LQD,0.0,0.0,0.0
3,SPY,HYG,0.0,0.0,0.0
3,QQQ,HYG,0.0,0.0,0.0
3,IWM,HYG,0.0,0.0,0.0
3,EFA,HYG,0.0,0.0,0.0
3,EEM,HYG,0.0,0.0,0.0
3,IEF,HYG,0.0,0.0,0.0
3,TLT,HYG,0.0,0.0,0.0
3,LQD,HYG,0.0,0.0,0.0
3,GLD,HYG,0.0,0.0,0.0
3,DBC,HYG,0.0,0.0,0.0
3,VNQ,HYG,0.0,0.0,0.0
3,QQQ,GLD,0.0,0.0,0.0
3,IWM,GLD,0.0,0.0,0.0
3,EFA,GLD,0.0,0.0,0.0
3,EEM,GLD,0.0,0.0,0.0
3,IEF,GLD,0.0,0.0,0.0
3,TLT,GLD,0.0,0.0,0.0
3,LQD,GLD,0.0,0.0,0.0
3,HYG,GLD,0.0,0.0,0.0
3,DBC,GLD,0.0,0.0,0.0
3,VNQ,GLD,0.0,0.0,0.0
3,SPY,DBC,0.0,0.0,0.0
3,QQQ,DBC,0.0,0.0,0.0
3,IWM,DBC,0.0,0.0,0.0
3,EEM,DBC,0.0,0.0,0.0
3,IEF,DBC,0.0,0.0,0.0
3,TLT,DBC,0.0,0.0,0.0
3,LQD,DBC,0.0,0.0,0.0
3,GLD,DBC,0.0,0.0,0.0
3,VNQ,DBC,0.0,0.0,0.0
3,SPY,VNQ,0.0,0.0,0.0
3,QQQ,VNQ,0.0,0.0,0.0
3,IWM,VNQ,0.0,0.0,0.0
3,EFA,VNQ,0.0,0.0,0.0
3,EEM,VNQ,0.0,0.0,0.0
3,IEF,VNQ,0.0,0.0,0.0
3,TLT,VNQ,0.0,0.0,0.0
3,LQD,VNQ,0.0,0.0,0.0
3,HYG,VNQ,0.0,0.0,0.0
3,GLD,VNQ,0.0,0.0,0.0
