Phase,Start,End,Trading days,Benchmark cumulative return,Minimum drawdown,Mean annualised volatility,Mean VIX,Mean high-yield spread
Sideways,2008-01-03,2008-07-17,136,-0.12751566495828137,-0.15644701331138122,0.1986790552472418,23.543823529411764,
Bear,2008-07-18,2008-07-21,2,0.006789485788635781,-0.12165617383211824,0.2007265060912703,23.55,
Sideways,2008-07-22,2008-07-22,1,0.011344586883512253,-0.11119801839560539,0.1999888261637321,21.18,
Bear,2008-07-23,2008-07-25,3,-0.01568890571249114,-0.12514234888207199,0.2085439429501209,22.55333333333333,
Sideways,2008-07-28,2008-07-28,1,-0.01466365359719457,-0.13797095842492058,0.19637625384703136,24.23,
Bear,2008-07-29,2008-08-27,22,0.04035932868150693,-0.1285587959944664,0.21894219560209988,20.941363636363636,
Sideways,2008-08-28,2008-09-08,7,-0.012749714826585384,-0.1352517167454489,0.19850613365871125,21.890000000000004,
Bear,2008-09-09,2009-11-13,300,-0.1092713857391575,-0.5185050404129965,0.36673887810941486,38.382600000000004,
Sideways,2009-11-16,2009-11-18,3,0.015052216301492062,-0.19992264117892422,0.2083060683256636,22.31,
Bear,2009-11-19,2009-11-24,4,-0.0025163311666208657,-0.21272869820750395,0.20697500104970876,21.6125,
Sideways,2009-11-25,2009-11-25,1,0.003513804310593782,-0.1986994075935129,0.20153680463743795,20.48,
Bear,2009-11-27,2009-11-30,2,-0.012928838099723729,-0.2117212293323768,0.19205209099066453,24.68,
Sideways,2009-12-01,2009-12-02,2,0.01191575886899436,-0.19963463448030982,0.1516792272181733,21.520000000000003,
Bear,2009-12-03,2009-12-11,7,-0.001258484050548627,-0.2114334444617717,0.1446198611200387,22.295714285714286,
Sideways,2009-12-14,2009-12-16,3,0.0036900194921386646,-0.19891517230379696,0.12647989474555857,21.06,
Bear,2009-12-17,2009-12-18,2,-0.006426120762519178,-0.20733265794098799,0.12817782379679826,22.095,
Sideways,2009-12-21,2010-01-21,21,0.013519466356333616,-0.19474731978156445,0.11119287020728848,19.25,
Bear,2010-01-22,2010-02-17,18,-0.012891681140749785,-0.23409480234052216,0.18032977765128333,24.17722222222222,
Sideways,2010-02-18,2010-02-22,3,0.008162390365049009,-0.19778510648225067,0.19760441981373467,20.19666666666667,
Bear,2010-02-23,2010-02-23,1,-0.012144733640241712,-0.20574148563097983,0.17705357370684202,21.37,
Sideways,2010-02-24,2010-05-19,60,0.021948984061417348,-0.199521132482268,0.13327051879104707,20.290499999999998,
Bear,2010-05-20,2010-05-26,5,-0.04107007626913369,-0.22164455743870282,0.29793563463811135,38.768,
Sideways,2010-05-27,2010-05-27,1,0.033498117887930556,-0.1955711150650722,0.31870239765695346,29.68,
Bear,2010-05-28,2010-06-01,2,-0.029162184443936385,-0.2190300185795746,0.3146886131536242,33.805,
Sideways,2010-06-02,2010-06-03,2,0.02957356541682985,-0.19869408372129205,0.32306822874092167,29.815,
Bear,2010-06-04,2010-06-14,7,-0.010838884248948598,-0.23384613314220637,0.30878704255076,32.488571428571426,
Sideways,2010-06-15,2010-06-21,5,0.022189842286180417,-0.18700042021619212,0.2928197797121523,25.134,
Bear,2010-06-22,2010-07-14,16,-0.01579718197336814,-0.2542090570749419,0.23947074026020185,28.37125,
Sideways,2010-07-15,2010-07-15,1,0.00027353437555466265,-0.19962465221989578,0.19760817134069486,25.14,
Bear,2010-07-16,2010-07-22,5,-0.002005955321324896,-0.2216625994501179,0.22552956775974722,25.284,
Sideways,2010-07-23,2010-08-10,13,0.026676279206513456,-0.1953193402746275,0.20531845030260076,22.805384615384618,
Bear,2010-08-11,2010-08-17,5,-0.024826864386179027,-0.20998734766978178,0.19387640218807622,25.558,
Sideways,2010-08-18,2010-08-18,1,0.0018251785882696936,-0.198822300310611,0.17792281558746495,24.59,
Bear,2010-08-19,2010-09-09,15,0.010292640967520677,-0.23209805448702236,0.181069912348294,25.005333333333336,
Sideways,2010-09-10,2010-11-04,40,0.10813708898126007,-0.18648947636832947,0.13813913083203982,21.0985,
Bull,2010-11-05,2010-11-05,1,0.0037621245171215456,-0.0996728702348294,0.09656394008008799,18.26,
Sideways,2010-11-08,2010-12-02,18,-0.0013038747649473713,-0.13312697413063934,0.12675020825954442,20.167777777777776,
Bull,2010-12-03,2011-08-01,166,0.0661247321165707,-0.0993792438933152,0.12265328503313357,18.129518072289155,
Sideways,2011-08-02,2011-08-03,2,-0.020267079577292294,-0.0756272047379778,0.16531953071056266,24.085,
Bear,2011-08-04,2011-10-26,59,-0.009724615534931062,-0.18605438518313644,0.34930425182634395,35.77,
Sideways,2011-10-27,2011-10-28,2,0.03459423712680964,-0.04781756092778067,0.28958212034072417,24.995,
Bear,2011-10-31,2011-11-07,6,-0.01819575939206431,-0.09668556677269169,0.28451413245694485,31.33,
Sideways,2011-11-08,2011-11-08,1,0.012830001540351521,-0.05314902986041137,0.2619402690115751,27.48,
Bear,2011-11-09,2011-11-10,2,-0.02783838981458123,-0.08809673810365282,0.2978214198465958,34.485,
Sideways,2011-11-11,2011-11-11,1,0.018822671466565133,-0.06218171467791145,0.3035031804880787,30.04,
Bear,2011-11-14,2011-12-02,14,-0.01421160606823375,-0.13859346040233889,0.290688834514834,31.514285714285716,
Sideways,2011-12-05,2011-12-07,3,0.014976693818758659,-0.065439879296884,0.27804497646110465,28.213333333333335,
Bear,2011-12-08,2011-12-08,1,-0.021936147754622493,-0.08224729065553305,0.28376537211139996,30.59,
Sideways,2011-12-09,2011-12-09,1,0.016942248585813946,-0.06669849611351475,0.2579150528905633,26.38,
Bear,2011-12-12,2011-12-21,8,-0.008667312842153645,-0.10369814269689803,0.2554455703058738,24.511249999999997,
Sideways,2011-12-22,2012-01-11,13,0.04050908470301313,-0.06986995292900433,0.207414502303774,21.806153846153848,
Bull,2012-01-12,2012-01-12,1,0.002399383311060488,-0.03499834267362978,0.15595755583900814,20.47,
Sideways,2012-01-13,2012-01-13,1,-0.005173683729237655,-0.039990956046826565,0.1526422612544966,20.91,
Bull,2012-01-17,2012-01-17,1,0.0038811589894856002,-0.03626500831590029,0.14492382177170532,22.2,
Sideways,2012-01-18,2012-01-18,1,0.01105628430887906,-0.02560968024942567,0.14743350132223446,20.89,
Bull,2012-01-19,2012-01-19,1,0.005276274494534716,-0.020468529457604245,0.1473512275776092,19.87,
Sideways,2012-01-20,2012-01-24,3,3.469446951953614e-18,-0.020468529457604245,0.11547331022054415,18.62,
Bull,2012-01-25,2012-11-13,203,0.06384852902343346,-0.09686961020863405,0.1239314434761041,17.745418719211823,
Sideways,2012-11-14,2012-11-16,3,-0.010305593773053021,-0.07345555645325219,0.1411168540671249,17.439999999999998,
Bull,2012-11-19,2014-10-10,477,0.4555699832378118,-0.05696022848947557,0.10611576947727688,14.150251572327043,
Sideways,2014-10-13,2014-10-17,5,-0.010863914270982997,-0.07273475411291275,0.16134706374760527,24.174,
Bull,2014-10-20,2015-06-26,173,0.12989157403670504,-0.05267302343472602,0.12186944103213732,15.095780346820808,
Sideways,2015-06-29,2015-06-30,2,-0.018920918274113314,-0.03316541636995285,0.11381651534028839,18.54,
Bull,2015-07-01,2015-08-19,35,0.011999105941646881,-0.037353936920751285,0.11867064035262632,13.969142857142858,
Sideways,2015-08-20,2015-08-21,2,-0.05035524116786151,-0.0694294637306696,0.14120112920087408,23.585,
Bear,2015-08-24,2015-09-30,27,-0.0263041037143862,-0.1191028370604641,0.2770956311270092,25.910370370370373,
Sideways,2015-10-01,2015-10-02,2,0.01758576470014806,-0.0915433647148498,0.19739562900176144,21.745,
Bear,2015-10-05,2015-10-05,1,0.017794822064851168,-0.06156564717845714,0.20449520678192026,19.54,
Sideways,2015-10-06,2015-10-27,16,0.04096333793639185,-0.0647806477711812,0.16938951797335922,16.395625,
Bull,2015-10-28,2015-10-29,2,0.010794242447929918,-0.012579609897191424,0.12910827612376802,14.469999999999999,
Sideways,2015-10-30,2015-10-30,1,-0.004310211793852603,-0.0168356009081031,0.1283038561263921,15.07,
Bull,2015-11-02,2015-11-10,7,0.003029955164929711,-0.016126053849990107,0.11644036098454176,15.055714285714284,
Sideways,2015-11-11,2015-11-19,7,-4.81889677993924e-05,-0.04232127088986348,0.13102188603198844,17.90714285714286,
Bull,2015-11-20,2015-11-20,1,0.0036444663128913923,-0.01031038508466997,0.1298673183121851,15.47,
Sideways,2015-11-23,2015-11-24,2,0.00019102135272517775,-0.011444954446338529,0.1246261573041399,15.774999999999999,
Bull,2015-11-25,2015-11-27,2,0.0010032793563358304,-0.01026320821159965,0.12104518438316272,15.155,
Sideways,2015-11-30,2015-11-30,1,-0.00415140833108818,-0.013241721814680751,0.11887542344346587,16.13,
Bull,2015-12-01,2015-12-02,2,-0.0007670532148403797,-0.01399861792423307,0.12143589243569738,15.29,
Sideways,2015-12-03,2015-12-03,1,-0.01400283150947046,-0.02780542914554507,0.1288886333513603,18.11,
Bull,2015-12-04,2015-12-07,2,0.013326364928972483,-0.014849609512372797,0.14764376797213308,15.325,
Sideways,2015-12-08,2015-12-24,13,-0.006939651518739856,-0.04860819185078058,0.1621652422900701,19.13307692307692,
Bull,2015-12-28,2015-12-30,3,0.0012152457106270227,-0.02392185994649898,0.18143301247803034,16.759999999999998,
Sideways,2015-12-31,2016-01-13,9,-0.08303782279950034,-0.1018330883952554,0.18477784977578687,22.53666666666667,
Bear,2016-01-14,2016-01-19,3,-0.0040778369980893295,-0.1066848165624571,0.206244937920916,25.673333333333332,
Sideways,2016-01-20,2016-01-21,2,-0.007284967197725433,-0.11695878592211117,0.19808532297545545,27.14,
Bear,2016-01-22,2016-02-23,22,0.030157025709993505,-0.13022943370276208,0.22220632407633498,22.948636363636364,
Sideways,2016-02-24,2016-02-26,3,0.014402954467642316,-0.08104711308098467,0.2026574179488834,19.88,
Bear,2016-02-29,2016-02-29,1,-0.007841931916849343,-0.07933454093501979,0.20163310741079798,20.55,
Sideways,2016-03-01,2016-03-10,8,0.030894431643259012,-0.057693011305834374,0.18455936239016185,17.595,
Bull,2016-03-11,2016-04-28,34,0.045002969237214786,-0.03838191589930351,0.11347129524880434,14.486176470588234,
Sideways,2016-04-29,2016-04-29,1,-0.005398641178064656,-0.017943642938243576,0.10234102760515174,15.7,
Bull,2016-05-02,2016-05-03,2,-0.0008239179695018036,-0.018752776817890116,0.10533452452796535,15.14,
Sideways,2016-05-04,2016-05-09,4,-0.0013095210644842642,-0.024416542566904176,0.09275792385266876,15.3125,
Bull,2016-05-10,2016-05-12,3,0.0032540885346816076,-0.017134423354341122,0.09358533221666471,14.243333333333334,
Sideways,2016-05-13,2016-05-13,1,-0.008714251106596183,-0.025416282711600346,0.09407110141630923,15.04,
Bull,2016-05-16,2016-05-19,4,-0.002734649879162577,-0.02808142795631685,0.10128288197922528,15.6325,
Sideways,2016-05-20,2016-05-23,2,0.004945779139441287,-0.023274533357467653,0.10327259382876852,15.51,
Bull,2016-05-24,2016-06-23,22,0.03263143725983745,-0.02248928977472897,0.09654479978916415,16.339545454545455,
Sideways,2016-06-24,2016-06-27,2,-0.05317603228388831,-0.055243709504656735,0.15574880704578903,24.805,
Bull,2016-06-28,2018-02-07,407,0.38210812189989196,-0.07903521922763934,0.08025026511324737,12.107936117936116,
Sideways,2018-02-08,2018-02-08,1,-0.0375088318583644,-0.10101854170572233,0.23987311281485094,33.46,
Bull,2018-02-09,2018-07-20,112,0.09482998527448146,-0.0979786066152476,0.1578845077110786,16.385535714285716,
Sideways,2018-07-23,2018-07-23,1,0.0018591102533720427,-0.01393834771707081,0.09402383463863052,12.62,
Bull,2018-07-24,2018-07-26,3,0.011206109741798843,-0.00897606594687439,0.086405345414579,12.280000000000001,
Sideways,2018-07-27,2018-07-30,2,-0.011964376387270478,-0.014818250721531867,0.08196348729232367,13.645,
Bull,2018-07-31,2018-10-10,51,-0.0013932037684409836,-0.047755620166051393,0.06961869748115847,13.059019607843142,
Sideways,2018-10-11,2018-10-11,1,-0.022026636214381834,-0.06873036070784344,0.14542632880167697,24.98,
Bull,2018-10-12,2018-10-22,7,0.010434555130587216,-0.06110035921911994,0.16894738160776418,19.602857142857143,
Sideways,2018-10-23,2018-11-05,10,-0.005891153649736496,-0.09716439264542409,0.21893422957961156,22.241,
Bull,2018-11-06,2018-11-09,4,0.015984787222813355,-0.05863674488961612,0.23285288500862716,17.5875,
Sideways,2018-11-12,2018-11-16,5,-0.014509123800845788,-0.07547158956691313,0.2105194183455595,19.968,
Bear,2018-11-19,2018-11-21,3,-0.031819550738349474,-0.09627491557247059,0.2165498121769466,21.126666666666665,
Sideways,2018-11-23,2018-11-27,3,0.012753922741442261,-0.09925183425294493,0.18871215177409859,19.813333333333333,
Bull,2018-11-28,2018-11-28,1,0.023025046820923434,-0.060484617071666746,0.19515858040406633,18.49,
Sideways,2018-11-29,2018-11-29,1,-0.002184963137299434,-0.0625374235502909,0.18988709925179123,18.79,
Bull,2018-11-30,2018-12-03,2,0.0194172361926733,-0.05682350783646206,0.18858913911855485,17.255000000000003,
Bear,2018-12-04,2019-01-25,35,-0.04284965228051859,-0.19348926498855745,0.26183445288774665,22.755999999999997,
Sideways,2019-01-28,2019-04-05,49,0.09052992212582693,-0.09344105758542187,0.11255634496486855,14.954693877551023,
Bull,2019-04-08,2019-05-30,37,-0.03305952333732817,-0.05360030061079768,0.10445756018997103,14.978378378378377,
Sideways,2019-05-31,2019-06-03,2,-0.015983766093864146,-0.06618381500099157,0.1496968256162503,18.785,
Bull,2019-06-04,2020-02-26,185,0.1509142964231566,-0.07932830794946488,0.11639787342193561,15.139675675675676,
Sideways,2020-02-27,2020-02-28,2,-0.048924403023229944,-0.12437162086342424,0.24692977016581574,39.635,
Bull,2020-03-02,2020-03-02,1,0.04330643881742491,-0.08645127403554531,0.2950681965022437,33.42,
Sideways,2020-03-03,2020-03-03,1,-0.028632578525419894,-0.11260852966851975,0.30437971912062517,36.82,
Bull,2020-03-04,2020-03-04,1,0.042032983238748274,-0.07530881886986851,0.33975649663664964,31.99,
Sideways,2020-03-05,2020-03-06,2,-0.04922293460395601,-0.12082483240749187,0.3502805969983779,40.78,
Bear,2020-03-09,2020-05-22,54,-0.0009508443414470109,-0.33717239729176285,0.5814871093711153,45.61407407407408,
Sideways,2020-05-26,2020-06-02,6,0.04278388024181737,-0.11083874724142528,0.2241191732513722,27.8,
Bull,2020-06-03,2020-06-10,6,0.0354452531528301,-0.07433076298452312,0.201242949917139,26.156666666666666,
Sideways,2020-06-11,2020-07-24,31,0.010319974724889021,-0.10629045093284406,0.2531011702374637,30.31000000000001,
Bull,2020-07-27,2020-07-27,1,0.007292544490160147,-0.03484230085766915,0.16387596402012855,24.74,
Sideways,2020-07-28,2020-07-28,1,-0.0063423410344471964,-0.04096366013765218,0.13722060633525965,25.44,
Bull,2020-07-29,2020-07-29,1,0.012298653097522871,-0.02916880488576712,0.1349800880890072,24.1,
Sideways,2020-07-30,2020-07-30,1,-0.0035678360255015917,-0.0326325713983765,0.13215255533041512,24.76,
Bull,2020-07-31,2022-01-20,372,0.4089846700869558,-0.09440429610961065,0.13713958238133728,21.3377688172043,
Sideways,2022-01-21,2022-01-21,1,-0.01963052262949605,-0.0831674222399531,0.15302453166326965,28.85,
Bull,2022-01-24,2022-01-24,1,0.004246502729820634,-0.07927409019570664,0.14830487001220552,29.9,
Sideways,2022-01-25,2022-01-27,3,-0.01955238054084173,-0.09727647355801283,0.13767924134322265,31.203333333333333,
Bull,2022-01-28,2022-02-10,10,0.04192558834760093,-0.07485708924002621,0.19247668571731003,23.228,
Bear,2022-02-11,2022-02-14,2,-0.02292352837401094,-0.08099045867503407,0.21662186036491926,27.845,
Bull,2022-02-15,2022-02-16,2,0.017265590820014408,-0.06616987485446857,0.2205663138472136,24.994999999999997,
Sideways,2022-02-17,2022-02-17,1,-0.021361425001345302,-0.08509351628228068,0.22616758394455724,28.11,
Bear,2022-02-18,2022-03-17,19,0.009175056059356586,-0.12865532849581762,0.23748543259530644,30.584736842105265,
Bull,2022-03-18,2022-04-08,16,0.017889068582325456,-0.06809841309241516,0.22854254836893356,21.178125,
Sideways,2022-04-11,2022-04-25,10,-0.042585289996028314,-0.10539133880271889,0.17711984545289167,23.492,
Bear,2022-04-26,2022-07-25,62,-0.072883397957018,-0.23009976663363385,0.2875836123041297,28.108870967741936,
Sideways,2022-07-26,2022-07-26,1,-0.011830910901845293,-0.17565429079898853,0.18136145689888758,24.69,
Bear,2022-07-27,2022-07-27,1,0.025966429465638985,-0.1542489760857183,0.20098116422137288,23.24,
Sideways,2022-07-28,2022-08-25,21,0.046055053619390454,-0.14364137078094497,0.18413162695787386,21.414761904761907,
Bear,2022-08-26,2022-08-26,1,-0.03384892578808485,-0.14524408416397516,0.20520077232864847,25.56,
Sideways,2022-08-29,2022-08-29,1,-0.006612174187944686,-0.150895879167659,0.19926791590769863,26.21,
Bear,2022-08-30,2022-08-31,2,-0.018503531950916363,-0.16660730439713511,0.20234295679782635,26.04,
Sideways,2022-09-01,2022-09-06,3,-0.011184575682425724,-0.1759284480742861,0.1951278855802727,25.98,
Bear,2022-09-07,2022-11-09,46,-0.038625055015166866,-0.2449638707150874,0.25847680967184583,28.3741304347826,
Sideways,2022-11-10,2022-11-11,2,0.06516440324189,-0.1642213621067663,0.3065212941642027,23.025,
Bear,2022-11-14,2022-11-15,2,-5.0285076153827924e-05,-0.16331083134425595,0.2848165477535902,24.134999999999998,
Sideways,2022-11-16,2022-11-25,7,0.009636311995565066,-0.16517432682100042,0.27150842738830566,22.237142857142857,
Bear,2022-11-28,2022-11-29,2,-0.01764720648854128,-0.16307802171151808,0.26300499018305057,22.05,
Sideways,2022-11-30,2022-12-02,3,0.029552440598489625,-0.13834493466257747,0.2687604679823571,19.826666666666668,
Bear,2022-12-05,2022-12-08,4,-0.02622187590836144,-0.16746127918878773,0.26517949043401523,21.972499999999997,
Sideways,2022-12-09,2022-12-21,9,-0.02078645539334725,-0.1915907178140852,0.20079642242392623,22.326666666666668,
Bear,2022-12-22,2022-12-23,2,-0.008595994694850635,-0.19010159163302953,0.20651467775578378,21.42,
Sideways,2022-12-27,2022-12-27,1,-0.003943429198896675,-0.18865503519234328,0.20634492817794547,21.65,
Bear,2022-12-28,2022-12-28,1,-0.01242791387363218,-0.19873836053677796,0.20369256247354203,22.14,
Sideways,2022-12-29,2023-05-31,105,0.113589682754881,-0.192952338457001,0.15786400573198903,19.551238095238098,
Bull,2023-06-01,2023-10-24,101,0.021188101785555077,-0.09924568049529181,0.11008940761987325,15.422970297029703,4.021785714285714
Sideways,2023-10-25,2023-10-31,5,-0.012817611615936133,-0.11667150526873526,0.1362808796844601,20.006,4.464
Bull,2023-11-01,2025-03-07,337,0.40045983806411783,-0.09090398031825053,0.12170548244844674,15.603768545994063,3.1744510385756675
Sideways,2025-03-10,2025-03-21,10,-0.017786149691982077,-0.10035411963496799,0.18999926758867342,22.663000000000004,3.221
Bull,2025-03-24,2025-03-25,2,0.020355470071653437,-0.06056648000342746,0.20796190148282198,17.314999999999998,3.07
Sideways,2025-03-26,2025-03-26,1,-0.01193812074974343,-0.0695502793061269,0.2109446035699015,18.33,3.19
Bear,2025-03-27,2025-04-01,4,-0.013401792972581995,-0.09070934022821542,0.20857999825956705,21.0975,3.4475
Sideways,2025-04-02,2025-04-02,1,0.006328298292829215,-0.07621072240182714,0.19940909400863763,21.51,3.42
Bear,2025-04-03,2025-05-09,26,-0.0003187230203763558,-0.18755234489427308,0.45994893421699456,30.446923076923078,3.967692307692308
Sideways,2025-05-12,2025-05-15,4,0.04628408075794047,-0.04598602461588763,0.21713847862521113,18.265,3.135
Bull,2025-05-16,2025-05-21,4,-0.012871339955431322,-0.04619882253170371,0.17731010441353015,18.585,3.205
Sideways,2025-05-22,2025-05-23,2,-0.006433731198801824,-0.052335322924635386,0.1580946515887795,21.285,3.36
Bull,2025-05-27,2025-05-27,1,0.02079046874263546,-0.03263293007740031,0.165553583771581,18.96,3.24
Sideways,2025-05-28,2025-06-02,4,0.0026389837739928456,-0.03822948487813038,0.16814742112373232,18.854999999999997,3.2575
Bull,2025-06-03,2025-06-03,1,0.005702557269405606,-0.02454904009503689,0.16272619536040864,17.69,3.19
Sideways,2025-06-04,2025-06-09,4,0.006022632088440056,-0.029523710458303487,0.15927851565238174,17.505,3.1550000000000002
Bull,2025-06-10,2025-06-10,1,0.005669717805285801,-0.013110417810122121,0.15884892182027072,16.95,3.12
Sideways,2025-06-11,2025-06-11,1,-0.002852077351950366,-0.015925103236361537,0.11867440440290847,17.26,3.12
Bull,2025-06-12,2025-06-12,1,0.003974378305442006,-0.012014017315734038,0.11759775477959154,18.02,3.17
Sideways,2025-06-13,2025-06-20,5,-0.012775408525208531,-0.024635941861705257,0.1291915201971206,20.458000000000002,3.1479999999999997
Bull,2025-06-23,2026-03-19,187,0.11661881783567296,-0.0513163503981412,0.10926248352869193,17.586363636363636,2.914705882352941
Sideways,2026-03-20,2026-04-07,12,0.0018495272676006167,-0.08884968175523733,0.15665842090905513,26.49333333333333,3.2216666666666662
Bull,2026-04-08,2026-08-04,82,0.17307911161575112,-0.04494652583696357,0.13978763062735947,17.68158536585366,2.7753658536585366
