Method,Metric,Policy seeds,Mean,Median,Standard deviation,10th percentile,90th percentile,Minimum,Maximum
X-GAT-DRL (Hybrid),Annualised return,5,0.08311283218324746,0.08082667460254211,0.012143796282256057,0.07198901862668876,0.09541164106966793,0.06732089655291507,0.10020742930147808
X-GAT-DRL (Hybrid),Annualised volatility,5,0.07833768078134265,0.07943237424898748,0.007100200695090336,0.0715585034408208,0.08438261286832427,0.06768220484134113,0.08751131738893261
X-GAT-DRL (Hybrid),Sharpe ratio,5,1.0269666409617495,0.9571227458827669,0.18510720347828385,0.8605020576046355,1.228810422514637,0.8420471561589807,1.2490943265854229
X-GAT-DRL (Hybrid),Sortino ratio,5,0.9470781645988611,0.8809943669113844,0.16721601083886453,0.7967277228622289,1.1286918678424351,0.7749214912686853,1.143383550088793
X-GAT-DRL (Hybrid),Maximum drawdown,5,-0.13596096578019295,-0.14343703911011418,0.02237794476817042,-0.15441463201605463,-0.11171856198024922,-0.15700002965844229,-0.10093036074137596
X-GAT-DRL (Hybrid),Daily CVaR 95%,5,-0.011782726491833371,-0.011991828867804775,0.001137624564564635,-0.0127096664272317,-0.0106966358555622,-0.013176146857898053,-0.01001175737334728
X-GAT-DRL (Hybrid),Final wealth,5,1.8343398107468496,1.800725864515378,0.15642774549612645,1.6934496819522598,1.9943848893004708,1.6372740673705393,2.0599524104553737
X-GAT-DRL (Hybrid),Mean turnover,5,0.020506270134126547,0.020225687982916293,0.0019383115016565137,0.018808953347769445,0.022384740497326465,0.017983943635102858,0.023373200214943806
X-GAT-DRL (Hybrid),Total transaction cost,5,0.05184805406094591,0.051253403251103925,0.004381649925256637,0.04796694855879655,0.05607929404343527,0.04603407080411981,0.058223408099788015
X-GAT-DRL (Hybrid),Mean HHI,5,0.16988866085645968,0.17022995983753314,0.012249600065289416,0.15827594076821422,0.1823287012507663,0.1567172539157415,0.1878792672896307
X-GAT-DRL (Hybrid),Mean cash weight,5,0.2928413760793848,0.2924245383805564,0.009712723636267418,0.283689238141676,0.30279765116667123,0.28178547454197184,0.30708428796702913
X-GAT-DRL (GRU),Annualised return,5,0.07943786102755665,0.07886009675987538,0.0024850305307094153,0.07708405306771104,0.08209091403642499,0.07688469056914449,0.08233172819571988
X-GAT-DRL (GRU),Annualised volatility,5,0.07647960650361788,0.07681838475990571,0.009862643576972207,0.06723986568274992,0.08480277999170692,0.06092166866491664,0.08813226419100009
X-GAT-DRL (GRU),Sharpe ratio,5,1.0142983506703227,0.9843722729554393,0.14628577196540013,0.8936407481672608,1.1595395433992985,0.8457180007709442,1.2459444962695039
X-GAT-DRL (GRU),Sortino ratio,5,0.9358507632938927,0.9114670949071295,0.13662961919342675,0.821696823423656,1.0708956306227133,0.7763828427990358,1.151005984308143
X-GAT-DRL (GRU),Maximum drawdown,5,-0.1326235173551365,-0.1351360544304181,0.023184330165041834,-0.15068414297990565,-0.11041106552016416,-0.155566383052252,-0.09394659475756817
X-GAT-DRL (GRU),Daily CVaR 95%,5,-0.011460926202706485,-0.011687684846314291,0.0014659445940995463,-0.012664436203008955,-0.010056118077349963,-0.013215005262496617,-0.009153873804861693
X-GAT-DRL (GRU),Final wealth,5,1.7834776211677785,1.7760791498263517,0.031109881663869368,1.7540747306215274,1.8167299389152103,1.7516170599743348,1.819788375684275
X-GAT-DRL (GRU),Mean turnover,5,0.01766381536936193,0.01820917548803723,0.001174287161607962,0.01639289060313062,0.01867852131582742,0.016382471419590747,0.018754785457654622
X-GAT-DRL (GRU),Total transaction cost,5,0.04525400375754954,0.04648284458526811,0.002773277006598391,0.042259181099245965,0.047692016840044246,0.04220863368154325,0.047973007609948645
X-GAT-DRL (GRU),Mean HHI,5,0.15877050694834546,0.16099919873792332,0.01721447463458029,0.14130736338664115,0.17591564512154437,0.13890063554900556,0.18150773498431397
X-GAT-DRL (GRU),Mean cash weight,5,0.28496645813545074,0.28064101245009654,0.01654892814150169,0.2692747555554348,0.302641682026981,0.266010469829822,0.3051891616279427
X-GAT-DRL (LSTM),Annualised return,5,0.07987129838453186,0.0799923265058915,0.0044665715473408705,0.07582718138499778,0.08379687429266255,0.0734053077110699,0.08598663984369614
X-GAT-DRL (LSTM),Annualised volatility,5,0.08038978704368556,0.0835623645040842,0.006493692871973271,0.07332905856558784,0.08590374964930908,0.0732263010792045,0.08616459856659285
X-GAT-DRL (LSTM),Sharpe ratio,5,0.9591811934968693,0.9639772156221794,0.06916540590184052,0.8923950511091086,1.029348463712432,0.8873819394376112,1.0574781309457586
X-GAT-DRL (LSTM),Sortino ratio,5,0.8858966284985043,0.8929260605299624,0.06660001034115456,0.8227367850237832,0.952668889787708,0.8217698951629597,0.9821443149693793
X-GAT-DRL (LSTM),Maximum drawdown,5,-0.13985598324896004,-0.14129420865616182,0.014750678724002014,-0.15422781320644735,-0.12444970942127291,-0.1572816276388862,-0.12013457032243835
X-GAT-DRL (LSTM),Daily CVaR 95%,5,-0.01210487396510432,-0.01274359724599747,0.0009910205082537254,-0.012871794479874023,-0.010998702619657224,-0.012902609153701986,-0.01088833118490599
X-GAT-DRL (LSTM),Final wealth,5,1.7893233616736997,1.7902331399116236,0.05591696088020809,1.738971275075144,1.8387926442012326,1.709241267558953,1.866810991909183
X-GAT-DRL (LSTM),Mean turnover,5,0.01727571504901425,0.01754373665219888,0.000763556005140292,0.01654988335026653,0.01771060898899898,0.015921027071521706,0.017711757439061112
X-GAT-DRL (LSTM),Total transaction cost,5,0.04439248365087923,0.04515310266815251,0.0018563874082074775,0.0425691883266613,0.04549262528519065,0.04111722681501454,0.04557321007175801
X-GAT-DRL (LSTM),Mean HHI,5,0.1598351781770938,0.1575657236470331,0.009553234017745276,0.153400922701972,0.16898710035715173,0.1522696979905951,0.1764500828281516
X-GAT-DRL (LSTM),Mean cash weight,5,0.27806841363315526,0.27686455735833243,0.009122420832978423,0.2698226480533747,0.2875842353639591,0.2681963625441915,0.29188303292758966
1/N,Annualised return,5,0.10480560921389448,0.10480560921389448,0.0,0.10480560921389448,0.10480560921389448,0.10480560921389448,0.10480560921389448
1/N,Annualised volatility,5,0.119277414012293,0.11927741401229298,1.5515838457795457e-17,0.11927741401229298,0.11927741401229298,0.11927741401229298,0.11927741401229298
1/N,Sharpe ratio,5,0.8356100025809712,0.8356100025809712,0.0,0.8356100025809712,0.8356100025809712,0.8356100025809712,0.8356100025809712
1/N,Sortino ratio,5,0.7711785684909261,0.7711785684909261,0.0,0.7711785684909261,0.7711785684909261,0.7711785684909261,0.7711785684909261
1/N,Maximum drawdown,5,-0.2213341798857086,-0.22133417988570858,3.1031676915590914e-17,-0.22133417988570858,-0.22133417988570858,-0.22133417988570858,-0.22133417988570858
1/N,Daily CVaR 95%,5,-0.01781480960053653,-0.01781480960053653,0.0,-0.01781480960053653,-0.01781480960053653,-0.01781480960053653,-0.01781480960053653
1/N,Final wealth,5,2.1260041482358183,2.1260041482358183,0.0,2.1260041482358183,2.1260041482358183,2.1260041482358183,2.1260041482358183
1/N,Mean turnover,5,0.0030384808350539453,0.0030384808350539453,0.0,0.0030384808350539453,0.0030384808350539453,0.0030384808350539453,0.0030384808350539453
1/N,Total transaction cost,5,0.010852006202927998,0.010852006202927998,0.0,0.010852006202927998,0.010852006202927998,0.010852006202927998,0.010852006202927998
1/N,Mean HHI,5,0.08333333333333334,0.08333333333333334,0.0,0.08333333333333334,0.08333333333333334,0.08333333333333334,0.08333333333333334
1/N,Mean cash weight,5,0.0,0.0,0.0,0.0,0.0,0.0,0.0
GMV,Annualised return,5,0.04490991905702302,0.04490991905702302,0.0,0.04490991905702302,0.04490991905702302,0.04490991905702302,0.04490991905702302
GMV,Annualised volatility,5,0.04120484862480679,0.04120484862480679,0.0,0.04120484862480679,0.04120484862480679,0.04120484862480679,0.04120484862480679
GMV,Sharpe ratio,5,1.0661531666306048,1.0661531666306048,0.0,1.0661531666306048,1.0661531666306048,1.0661531666306048,1.0661531666306048
GMV,Sortino ratio,5,1.0166003662303251,1.0166003662303251,0.0,1.0166003662303251,1.0166003662303251,1.0166003662303251,1.0166003662303251
GMV,Maximum drawdown,5,-0.1000402531592276,-0.1000402531592276,0.0,-0.1000402531592276,-0.1000402531592276,-0.1000402531592276,-0.1000402531592276
GMV,Daily CVaR 95%,5,-0.005867860579563099,-0.005867860579563099,0.0,-0.005867860579563099,-0.005867860579563099,-0.005867860579563099,-0.005867860579563099
GMV,Final wealth,5,1.394371360989643,1.394371360989643,0.0,1.394371360989643,1.394371360989643,1.394371360989643,1.394371360989643
GMV,Mean turnover,5,0.001962731287015105,0.001962731287015105,0.0,0.001962731287015105,0.001962731287015105,0.001962731287015105,0.001962731287015105
GMV,Total transaction cost,5,0.007598135958793767,0.007598135958793766,9.69739903612216e-19,0.007598135958793766,0.007598135958793766,0.007598135958793766,0.007598135958793766
GMV,Mean HHI,5,0.2884772703705104,0.2884772703705104,0.0,0.2884772703705104,0.2884772703705104,0.2884772703705104,0.2884772703705104
GMV,Mean cash weight,5,0.5,0.5,0.0,0.5,0.5,0.5,0.5
HMM-GMV,Annualised return,5,0.04241237617638127,0.04241237617638127,0.0,0.04241237617638127,0.04241237617638127,0.04241237617638127,0.04241237617638127
HMM-GMV,Annualised volatility,5,0.05955857571352398,0.05955857571352398,0.0,0.05955857571352398,0.05955857571352398,0.05955857571352398,0.05955857571352398
HMM-GMV,Sharpe ratio,5,0.6974246618775498,0.6974246618775498,0.0,0.6974246618775498,0.6974246618775498,0.6974246618775498,0.6974246618775498
HMM-GMV,Sortino ratio,5,0.6656499442880531,0.6656499442880531,0.0,0.6656499442880531,0.6656499442880531,0.6656499442880531,0.6656499442880531
HMM-GMV,Maximum drawdown,5,-0.16738241985901114,-0.16738241985901114,0.0,-0.16738241985901114,-0.16738241985901114,-0.16738241985901114,-0.16738241985901114
HMM-GMV,Daily CVaR 95%,5,-0.008761588611080841,-0.008761588611080841,0.0,-0.008761588611080841,-0.008761588611080841,-0.008761588611080841,-0.008761588611080841
HMM-GMV,Final wealth,5,1.3693474157236967,1.3693474157236967,0.0,1.3693474157236967,1.3693474157236967,1.3693474157236967,1.3693474157236967
HMM-GMV,Mean turnover,5,0.0207123123366009,0.0207123123366009,0.0,0.0207123123366009,0.0207123123366009,0.0207123123366009,0.0207123123366009
HMM-GMV,Total transaction cost,5,0.04988864576509975,0.04988864576509975,0.0,0.04988864576509975,0.04988864576509975,0.04988864576509975,0.04988864576509975
HMM-GMV,Mean HHI,5,0.22357073103060396,0.22357073103060396,0.0,0.22357073103060396,0.22357073103060396,0.22357073103060396,0.22357073103060396
HMM-GMV,Mean cash weight,5,0.09837594290525231,0.09837594290525231,0.0,0.09837594290525231,0.09837594290525231,0.09837594290525231,0.09837594290525231
GLASSO-GAT,Annualised return,5,0.09033679330575857,0.08865353360005712,0.008038968664281993,0.08339169781540146,0.09878639116010968,0.08195980063185382,0.10286977838823042
GLASSO-GAT,Annualised volatility,5,0.11704282005421784,0.11758241144386339,0.0034336781653862168,0.11361023005673682,0.12042545173032837,0.11314788849103907,0.12176714278983518
GLASSO-GAT,Sharpe ratio,5,0.738531112062296,0.718061691277697,0.0544716583694811,0.6889021290218846,0.7957493471022314,0.6699473665420593,0.8041222760109552
GLASSO-GAT,Sortino ratio,5,0.695181147939901,0.67684752390449,0.06379687276794714,0.6396722711221693,0.7611770993730927,0.6171751584834152,0.7889552624028645
GLASSO-GAT,Maximum drawdown,5,-0.2391595451957146,-0.2410430131986273,0.013837497674704519,-0.2529613304166908,-0.22543584940087522,-0.25815298413890875,-0.22432348938903013
GLASSO-GAT,Daily CVaR 95%,5,-0.01709121447671114,-0.01726322559534202,0.0003711904503457025,-0.017385913121083865,-0.016677068059978203,-0.01739521411435466,-0.01653399821452831
GLASSO-GAT,Final wealth,5,1.9262469930629613,1.9017842185123979,0.10903984633022505,1.8334379938266177,2.0409497490676687,1.8150614476545945,2.097975773212018
GLASSO-GAT,Mean turnover,5,0.11636407381554092,0.11826160826655029,0.030366712016340548,0.08757912927585776,0.14232536966103193,0.06913521758703572,0.153269755475104
GLASSO-GAT,Total transaction cost,5,0.2606636430572711,0.2652652716189168,0.06565869033200664,0.19828713534017708,0.3166720731291138,0.15841775820645937,0.34027239680511834
GLASSO-GAT,Mean HHI,5,0.08875355204912723,0.08922490944625946,0.0042976003319751795,0.08470011126022968,0.09238637076655941,0.08217307178174552,0.09417363675344657
GLASSO-GAT,Mean cash weight,5,0.06953159907588487,0.06891272547222499,0.003563530718066454,0.06648016847422156,0.07305846594762253,0.06519551474611276,0.07500711754870903
TC-MAC,Annualised return,5,0.070964653002128,0.06962424414464685,0.0052132371314793265,0.0665820758744903,0.07658337609495383,0.06635244860310618,0.07907676951212816
TC-MAC,Annualised volatility,5,0.12088487013640119,0.12076505945105304,0.0010653000863664092,0.11998931009970236,0.12198611440922101,0.1199721724712516,0.12258636761145941
TC-MAC,Sharpe ratio,5,0.5672613242286983,0.5558657534711894,0.043234254092450346,0.5303556143415541,0.6135073070523358,0.524070494604762,0.6343623770200818
TC-MAC,Sortino ratio,5,0.5208910292347825,0.5104035163287404,0.0433997584348839,0.48208254624653935,0.5675467347064097,0.47511282689017237,0.5849303181842294
TC-MAC,Maximum drawdown,5,-0.25384314334365604,-0.24990450897701078,0.011072447625957865,-0.2645998994501588,-0.24699459989797923,-0.2733181123303211,-0.24603196892782986
TC-MAC,Daily CVaR 95%,5,-0.01746482783643562,-0.017411467614469777,0.00014473637343275476,-0.017616466293143625,-0.017353256541959242,-0.01770098646714735,-0.017322284572950344
TC-MAC,Final wealth,5,1.6808460401713614,1.664202746316379,0.06255994921271615,1.6287197439202143,1.7482603383974127,1.6260652688581125,1.7787802336491676
TC-MAC,Mean turnover,5,0.10577939845165665,0.10589051732506122,0.003101995029960652,0.10278768741582121,0.10896491393869125,0.10262354839467645,0.11012650851144182
TC-MAC,Total transaction cost,5,0.23844335109671774,0.2388177783884371,0.006989725763008172,0.2316519771897316,0.2455733561968254,0.23108000318519223,0.24824870955728967
TC-MAC,Mean HHI,5,0.087709445273293,0.08792120609941592,0.0016949610248247844,0.08592162314291993,0.08928792954469618,0.08525128847269536,0.0895444344312872
TC-MAC,Mean cash weight,5,0.061099730511950036,0.05609079868287766,0.008490284870250069,0.05456527536037756,0.07064572033803249,0.05379970840089669,0.0734395623374085
JM-MPC,Annualised return,5,0.10917587312394916,0.10917587312394916,0.0,0.10917587312394916,0.10917587312394916,0.10917587312394916,0.10917587312394916
JM-MPC,Annualised volatility,5,0.12040606494153441,0.1204060649415344,1.5515838457795457e-17,0.1204060649415344,0.1204060649415344,0.1204060649415344,0.1204060649415344
JM-MPC,Sharpe ratio,5,0.8605653126528965,0.8605653126528966,1.2412670766236366e-16,0.8605653126528966,0.8605653126528966,0.8605653126528966,0.8605653126528966
JM-MPC,Sortino ratio,5,0.7904975414207467,0.7904975414207467,0.0,0.7904975414207467,0.7904975414207467,0.7904975414207467,0.7904975414207467
JM-MPC,Maximum drawdown,5,-0.21589937746530677,-0.21589937746530674,3.1031676915590914e-17,-0.21589937746530674,-0.21589937746530674,-0.21589937746530674,-0.21589937746530674
JM-MPC,Daily CVaR 95%,5,-0.018231854979276006,-0.018231854979276006,0.0,-0.018231854979276006,-0.018231854979276006,-0.018231854979276006,-0.018231854979276006
JM-MPC,Final wealth,5,2.1904777631236083,2.1904777631236083,0.0,2.1904777631236083,2.1904777631236083,2.1904777631236083,2.1904777631236083
JM-MPC,Mean turnover,5,5.44862758611867e-11,5.44862758611867e-11,0.0,5.44862758611867e-11,5.44862758611867e-11,5.44862758611867e-11,5.44862758611867e-11
JM-MPC,Total transaction cost,5,4.482414723395991e-07,4.482414723395991e-07,0.0,4.482414723395991e-07,4.482414723395991e-07,4.482414723395991e-07,4.482414723395991e-07
JM-MPC,Mean HHI,5,0.0854622099679799,0.0854622099679799,0.0,0.0854622099679799,0.0854622099679799,0.0854622099679799,0.0854622099679799
JM-MPC,Mean cash weight,5,0.0377401070062255,0.0377401070062255,0.0,0.0377401070062255,0.0377401070062255,0.0377401070062255,0.0377401070062255
